,x,y
0,0.0,0.0
1,0.2564102564102564,0.0
2,0.5128205128205128,0.0
3,0.7692307692307692,0.0
4,1.0256410256410255,0.0
5,1.282051282051282,0.0
6,1.5384615384615383,0.0
7,1.7948717948717947,0.0
8,2.051282051282051,0.0
9,2.3076923076923075,0.0
10,2.564102564102564,0.0
11,2.8205128205128203,0.0
12,3.0769230769230766,0.0
13,3.333333333333333,0.0
14,3.5897435897435894,0.0
15,3.846153846153846,0.0
16,4.102564102564102,0.0
17,4.358974358974359,0.0
18,4.615384615384615,0.0
19,4.871794871794871,0.0
20,5.128205128205128,0.0
21,5.384615384615384,0.0
22,5.6410256410256405,0.0
23,5.897435897435897,0.0
24,6.153846153846153,0.0
25,6.41025641025641,0.0
26,6.666666666666666,0.0
27,6.9230769230769225,0.0
28,7.179487179487179,0.0
29,7.435897435897435,0.0
30,7.692307692307692,0.0
31,7.948717948717948,0.0
32,8.205128205128204,0.0
33,8.46153846153846,0.0
34,8.717948717948717,0.0
35,8.974358974358974,0.0
36,9.23076923076923,0.0
37,9.487179487179485,0.0
38,9.743589743589743,0.0
39,10.0,0.0
40,0.0,0.2564102564102564
41,0.2564102564102564,0.2564102564102564
42,0.5128205128205128,0.2564102564102564
43,0.7692307692307692,0.2564102564102564
44,1.0256410256410255,0.2564102564102564
45,1.282051282051282,0.2564102564102564
46,1.5384615384615383,0.2564102564102564
47,1.7948717948717947,0.2564102564102564
48,2.051282051282051,0.2564102564102564
49,2.3076923076923075,0.2564102564102564
50,2.564102564102564,0.2564102564102564
51,2.8205128205128203,0.2564102564102564
52,3.0769230769230766,0.2564102564102564
53,3.333333333333333,0.2564102564102564
54,3.5897435897435894,0.2564102564102564
55,3.846153846153846,0.2564102564102564
56,4.102564102564102,0.2564102564102564
57,4.358974358974359,0.2564102564102564
58,4.615384615384615,0.2564102564102564
59,4.871794871794871,0.2564102564102564
60,5.128205128205128,0.2564102564102564
61,5.384615384615384,0.2564102564102564
62,5.6410256410256405,0.2564102564102564
63,5.897435897435897,0.2564102564102564
64,6.153846153846153,0.2564102564102564
65,6.41025641025641,0.2564102564102564
66,6.666666666666666,0.2564102564102564
67,6.9230769230769225,0.2564102564102564
68,7.179487179487179,0.2564102564102564
69,7.435897435897435,0.2564102564102564
70,7.692307692307692,0.2564102564102564
71,7.948717948717948,0.2564102564102564
72,8.205128205128204,0.2564102564102564
73,8.46153846153846,0.2564102564102564
74,8.717948717948717,0.2564102564102564
75,8.974358974358974,0.2564102564102564
76,9.23076923076923,0.2564102564102564
77,9.487179487179485,0.2564102564102564
78,9.743589743589743,0.2564102564102564
79,10.0,0.2564102564102564
80,0.0,0.5128205128205128
81,0.2564102564102564,0.5128205128205128
82,0.5128205128205128,0.5128205128205128
83,0.7692307692307692,0.5128205128205128
84,1.0256410256410255,0.5128205128205128
85,1.282051282051282,0.5128205128205128
86,1.5384615384615383,0.5128205128205128
87,1.7948717948717947,0.5128205128205128
88,2.051282051282051,0.5128205128205128
89,2.3076923076923075,0.5128205128205128
90,2.564102564102564,0.5128205128205128
91,2.8205128205128203,0.5128205128205128
92,3.0769230769230766,0.5128205128205128
93,3.333333333333333,0.5128205128205128
94,3.5897435897435894,0.5128205128205128
95,3.846153846153846,0.5128205128205128
96,4.102564102564102,0.5128205128205128
97,4.358974358974359,0.5128205128205128
98,4.615384615384615,0.5128205128205128
99,4.871794871794871,0.5128205128205128
100,5.128205128205128,0.5128205128205128
101,5.384615384615384,0.5128205128205128
102,5.6410256410256405,0.5128205128205128
103,5.897435897435897,0.5128205128205128
104,6.153846153846153,0.5128205128205128
105,6.41025641025641,0.5128205128205128
106,6.666666666666666,0.5128205128205128
107,6.9230769230769225,0.5128205128205128
108,7.179487179487179,0.5128205128205128
109,7.435897435897435,0.5128205128205128
110,7.692307692307692,0.5128205128205128
111,7.948717948717948,0.5128205128205128
112,8.205128205128204,0.5128205128205128
113,8.46153846153846,0.5128205128205128
114,8.717948717948717,0.5128205128205128
115,8.974358974358974,0.5128205128205128
116,9.23076923076923,0.5128205128205128
117,9.487179487179485,0.5128205128205128
118,9.743589743589743,0.5128205128205128
119,10.0,0.5128205128205128
120,0.0,0.7692307692307692
121,0.2564102564102564,0.7692307692307692
122,0.5128205128205128,0.7692307692307692
123,0.7692307692307692,0.7692307692307692
124,1.0256410256410255,0.7692307692307692
125,1.282051282051282,0.7692307692307692
126,1.5384615384615383,0.7692307692307692
127,1.7948717948717947,0.7692307692307692
128,2.051282051282051,0.7692307692307692
129,2.3076923076923075,0.7692307692307692
130,2.564102564102564,0.7692307692307692
131,2.8205128205128203,0.7692307692307692
132,3.0769230769230766,0.7692307692307692
133,3.333333333333333,0.7692307692307692
134,3.5897435897435894,0.7692307692307692
135,3.846153846153846,0.7692307692307692
136,4.102564102564102,0.7692307692307692
137,4.358974358974359,0.7692307692307692
138,4.615384615384615,0.7692307692307692
139,4.871794871794871,0.7692307692307692
140,5.128205128205128,0.7692307692307692
141,5.384615384615384,0.7692307692307692
142,5.6410256410256405,0.7692307692307692
143,5.897435897435897,0.7692307692307692
144,6.153846153846153,0.7692307692307692
145,6.41025641025641,0.7692307692307692
146,6.666666666666666,0.7692307692307692
147,6.9230769230769225,0.7692307692307692
148,7.179487179487179,0.7692307692307692
149,7.435897435897435,0.7692307692307692
150,7.692307692307692,0.7692307692307692
151,7.948717948717948,0.7692307692307692
152,8.205128205128204,0.7692307692307692
153,8.46153846153846,0.7692307692307692
154,8.717948717948717,0.7692307692307692
155,8.974358974358974,0.7692307692307692
156,9.23076923076923,0.7692307692307692
157,9.487179487179485,0.7692307692307692
158,9.743589743589743,0.7692307692307692
159,10.0,0.7692307692307692
160,0.0,1.0256410256410255
161,0.2564102564102564,1.0256410256410255
162,0.5128205128205128,1.0256410256410255
163,0.7692307692307692,1.0256410256410255
164,1.0256410256410255,1.0256410256410255
165,1.282051282051282,1.0256410256410255
166,1.5384615384615383,1.0256410256410255
167,1.7948717948717947,1.0256410256410255
168,2.051282051282051,1.0256410256410255
169,2.3076923076923075,1.0256410256410255
170,2.564102564102564,1.0256410256410255
171,2.8205128205128203,1.0256410256410255
172,3.0769230769230766,1.0256410256410255
173,3.333333333333333,1.0256410256410255
174,3.5897435897435894,1.0256410256410255
175,3.846153846153846,1.0256410256410255
176,4.102564102564102,1.0256410256410255
177,4.358974358974359,1.0256410256410255
178,4.615384615384615,1.0256410256410255
179,4.871794871794871,1.0256410256410255
180,5.128205128205128,1.0256410256410255
181,5.384615384615384,1.0256410256410255
182,5.6410256410256405,1.0256410256410255
183,5.897435897435897,1.0256410256410255
184,6.153846153846153,1.0256410256410255
185,6.41025641025641,1.0256410256410255
186,6.666666666666666,1.0256410256410255
187,6.9230769230769225,1.0256410256410255
188,7.179487179487179,1.0256410256410255
189,7.435897435897435,1.0256410256410255
190,7.692307692307692,1.0256410256410255
191,7.948717948717948,1.0256410256410255
192,8.205128205128204,1.0256410256410255
193,8.46153846153846,1.0256410256410255
194,8.717948717948717,1.0256410256410255
195,8.974358974358974,1.0256410256410255
196,9.23076923076923,1.0256410256410255
197,9.487179487179485,1.0256410256410255
198,9.743589743589743,1.0256410256410255
199,10.0,1.0256410256410255
200,0.0,1.282051282051282
201,0.2564102564102564,1.282051282051282
202,0.5128205128205128,1.282051282051282
203,0.7692307692307692,1.282051282051282
204,1.0256410256410255,1.282051282051282
205,1.282051282051282,1.282051282051282
206,1.5384615384615383,1.282051282051282
207,1.7948717948717947,1.282051282051282
208,2.051282051282051,1.282051282051282
209,2.3076923076923075,1.282051282051282
210,2.564102564102564,1.282051282051282
211,2.8205128205128203,1.282051282051282
212,3.0769230769230766,1.282051282051282
213,3.333333333333333,1.282051282051282
214,3.5897435897435894,1.282051282051282
215,3.846153846153846,1.282051282051282
216,4.102564102564102,1.282051282051282
217,4.358974358974359,1.282051282051282
218,4.615384615384615,1.282051282051282
219,4.871794871794871,1.282051282051282
220,5.128205128205128,1.282051282051282
221,5.384615384615384,1.282051282051282
222,5.6410256410256405,1.282051282051282
223,5.897435897435897,1.282051282051282
224,6.153846153846153,1.282051282051282
225,6.41025641025641,1.282051282051282
226,6.666666666666666,1.282051282051282
227,6.9230769230769225,1.282051282051282
228,7.179487179487179,1.282051282051282
229,7.435897435897435,1.282051282051282
230,7.692307692307692,1.282051282051282
231,7.948717948717948,1.282051282051282
232,8.205128205128204,1.282051282051282
233,8.46153846153846,1.282051282051282
234,8.717948717948717,1.282051282051282
235,8.974358974358974,1.282051282051282
236,9.23076923076923,1.282051282051282
237,9.487179487179485,1.282051282051282
238,9.743589743589743,1.282051282051282
239,10.0,1.282051282051282
240,0.0,1.5384615384615383
241,0.2564102564102564,1.5384615384615383
242,0.5128205128205128,1.5384615384615383
243,0.7692307692307692,1.5384615384615383
244,1.0256410256410255,1.5384615384615383
245,1.282051282051282,1.5384615384615383
246,1.5384615384615383,1.5384615384615383
247,1.7948717948717947,1.5384615384615383
248,2.051282051282051,1.5384615384615383
249,2.3076923076923075,1.5384615384615383
250,2.564102564102564,1.5384615384615383
251,2.8205128205128203,1.5384615384615383
252,3.0769230769230766,1.5384615384615383
253,3.333333333333333,1.5384615384615383
254,3.5897435897435894,1.5384615384615383
255,3.846153846153846,1.5384615384615383
256,4.102564102564102,1.5384615384615383
257,4.358974358974359,1.5384615384615383
258,4.615384615384615,1.5384615384615383
259,4.871794871794871,1.5384615384615383
260,5.128205128205128,1.5384615384615383
261,5.384615384615384,1.5384615384615383
262,5.6410256410256405,1.5384615384615383
263,5.897435897435897,1.5384615384615383
264,6.153846153846153,1.5384615384615383
265,6.41025641025641,1.5384615384615383
266,6.666666666666666,1.5384615384615383
267,6.9230769230769225,1.5384615384615383
268,7.179487179487179,1.5384615384615383
269,7.435897435897435,1.5384615384615383
270,7.692307692307692,1.5384615384615383
271,7.948717948717948,1.5384615384615383
272,8.205128205128204,1.5384615384615383
273,8.46153846153846,1.5384615384615383
274,8.717948717948717,1.5384615384615383
275,8.974358974358974,1.5384615384615383
276,9.23076923076923,1.5384615384615383
277,9.487179487179485,1.5384615384615383
278,9.743589743589743,1.5384615384615383
279,10.0,1.5384615384615383
280,0.0,1.7948717948717947
281,0.2564102564102564,1.7948717948717947
282,0.5128205128205128,1.7948717948717947
283,0.7692307692307692,1.7948717948717947
284,1.0256410256410255,1.7948717948717947
285,1.282051282051282,1.7948717948717947
286,1.5384615384615383,1.7948717948717947
287,1.7948717948717947,1.7948717948717947
288,2.051282051282051,1.7948717948717947
289,2.3076923076923075,1.7948717948717947
290,2.564102564102564,1.7948717948717947
291,2.8205128205128203,1.7948717948717947
292,3.0769230769230766,1.7948717948717947
293,3.333333333333333,1.7948717948717947
294,3.5897435897435894,1.7948717948717947
295,3.846153846153846,1.7948717948717947
296,4.102564102564102,1.7948717948717947
297,4.358974358974359,1.7948717948717947
298,4.615384615384615,1.7948717948717947
299,4.871794871794871,1.7948717948717947
300,5.128205128205128,1.7948717948717947
301,5.384615384615384,1.7948717948717947
302,5.6410256410256405,1.7948717948717947
303,5.897435897435897,1.7948717948717947
304,6.153846153846153,1.7948717948717947
305,6.41025641025641,1.7948717948717947
306,6.666666666666666,1.7948717948717947
307,6.9230769230769225,1.7948717948717947
308,7.179487179487179,1.7948717948717947
309,7.435897435897435,1.7948717948717947
310,7.692307692307692,1.7948717948717947
311,7.948717948717948,1.7948717948717947
312,8.205128205128204,1.7948717948717947
313,8.46153846153846,1.7948717948717947
314,8.717948717948717,1.7948717948717947
315,8.974358974358974,1.7948717948717947
316,9.23076923076923,1.7948717948717947
317,9.487179487179485,1.7948717948717947
318,9.743589743589743,1.7948717948717947
319,10.0,1.7948717948717947
320,0.0,2.051282051282051
321,0.2564102564102564,2.051282051282051
322,0.5128205128205128,2.051282051282051
323,0.7692307692307692,2.051282051282051
324,1.0256410256410255,2.051282051282051
325,1.282051282051282,2.051282051282051
326,1.5384615384615383,2.051282051282051
327,1.7948717948717947,2.051282051282051
328,2.051282051282051,2.051282051282051
329,2.3076923076923075,2.051282051282051
330,2.564102564102564,2.051282051282051
331,2.8205128205128203,2.051282051282051
332,3.0769230769230766,2.051282051282051
333,3.333333333333333,2.051282051282051
334,3.5897435897435894,2.051282051282051
335,3.846153846153846,2.051282051282051
336,4.102564102564102,2.051282051282051
337,4.358974358974359,2.051282051282051
338,4.615384615384615,2.051282051282051
339,4.871794871794871,2.051282051282051
340,5.128205128205128,2.051282051282051
341,5.384615384615384,2.051282051282051
342,5.6410256410256405,2.051282051282051
343,5.897435897435897,2.051282051282051
344,6.153846153846153,2.051282051282051
345,6.41025641025641,2.051282051282051
346,6.666666666666666,2.051282051282051
347,6.9230769230769225,2.051282051282051
348,7.179487179487179,2.051282051282051
349,7.435897435897435,2.051282051282051
350,7.692307692307692,2.051282051282051
351,7.948717948717948,2.051282051282051
352,8.205128205128204,2.051282051282051
353,8.46153846153846,2.051282051282051
354,8.717948717948717,2.051282051282051
355,8.974358974358974,2.051282051282051
356,9.23076923076923,2.051282051282051
357,9.487179487179485,2.051282051282051
358,9.743589743589743,2.051282051282051
359,10.0,2.051282051282051
360,0.0,2.3076923076923075
361,0.2564102564102564,2.3076923076923075
362,0.5128205128205128,2.3076923076923075
363,0.7692307692307692,2.3076923076923075
364,1.0256410256410255,2.3076923076923075
365,1.282051282051282,2.3076923076923075
366,1.5384615384615383,2.3076923076923075
367,1.7948717948717947,2.3076923076923075
368,2.051282051282051,2.3076923076923075
369,2.3076923076923075,2.3076923076923075
370,2.564102564102564,2.3076923076923075
371,2.8205128205128203,2.3076923076923075
372,3.0769230769230766,2.3076923076923075
373,3.333333333333333,2.3076923076923075
374,3.5897435897435894,2.3076923076923075
375,3.846153846153846,2.3076923076923075
376,4.102564102564102,2.3076923076923075
377,4.358974358974359,2.3076923076923075
378,4.615384615384615,2.3076923076923075
379,4.871794871794871,2.3076923076923075
380,5.128205128205128,2.3076923076923075
381,5.384615384615384,2.3076923076923075
382,5.6410256410256405,2.3076923076923075
383,5.897435897435897,2.3076923076923075
384,6.153846153846153,2.3076923076923075
385,6.41025641025641,2.3076923076923075
386,6.666666666666666,2.3076923076923075
387,6.9230769230769225,2.3076923076923075
388,7.179487179487179,2.3076923076923075
389,7.435897435897435,2.3076923076923075
390,7.692307692307692,2.3076923076923075
391,7.948717948717948,2.3076923076923075
392,8.205128205128204,2.3076923076923075
393,8.46153846153846,2.3076923076923075
394,8.717948717948717,2.3076923076923075
395,8.974358974358974,2.3076923076923075
396,9.23076923076923,2.3076923076923075
397,9.487179487179485,2.3076923076923075
398,9.743589743589743,2.3076923076923075
399,10.0,2.3076923076923075
400,0.0,2.564102564102564
401,0.2564102564102564,2.564102564102564
402,0.5128205128205128,2.564102564102564
403,0.7692307692307692,2.564102564102564
404,1.0256410256410255,2.564102564102564
405,1.282051282051282,2.564102564102564
406,1.5384615384615383,2.564102564102564
407,1.7948717948717947,2.564102564102564
408,2.051282051282051,2.564102564102564
409,2.3076923076923075,2.564102564102564
410,2.564102564102564,2.564102564102564
411,2.8205128205128203,2.564102564102564
412,3.0769230769230766,2.564102564102564
413,3.333333333333333,2.564102564102564
414,3.5897435897435894,2.564102564102564
415,3.846153846153846,2.564102564102564
416,4.102564102564102,2.564102564102564
417,4.358974358974359,2.564102564102564
418,4.615384615384615,2.564102564102564
419,4.871794871794871,2.564102564102564
420,5.128205128205128,2.564102564102564
421,5.384615384615384,2.564102564102564
422,5.6410256410256405,2.564102564102564
423,5.897435897435897,2.564102564102564
424,6.153846153846153,2.564102564102564
425,6.41025641025641,2.564102564102564
426,6.666666666666666,2.564102564102564
427,6.9230769230769225,2.564102564102564
428,7.179487179487179,2.564102564102564
429,7.435897435897435,2.564102564102564
430,7.692307692307692,2.564102564102564
431,7.948717948717948,2.564102564102564
432,8.205128205128204,2.564102564102564
433,8.46153846153846,2.564102564102564
434,8.717948717948717,2.564102564102564
435,8.974358974358974,2.564102564102564
436,9.23076923076923,2.564102564102564
437,9.487179487179485,2.564102564102564
438,9.743589743589743,2.564102564102564
439,10.0,2.564102564102564
440,0.0,2.8205128205128203
441,0.2564102564102564,2.8205128205128203
442,0.5128205128205128,2.8205128205128203
443,0.7692307692307692,2.8205128205128203
444,1.0256410256410255,2.8205128205128203
445,1.282051282051282,2.8205128205128203
446,1.5384615384615383,2.8205128205128203
447,1.7948717948717947,2.8205128205128203
448,2.051282051282051,2.8205128205128203
449,2.3076923076923075,2.8205128205128203
450,2.564102564102564,2.8205128205128203
451,2.8205128205128203,2.8205128205128203
452,3.0769230769230766,2.8205128205128203
453,3.333333333333333,2.8205128205128203
454,3.5897435897435894,2.8205128205128203
455,3.846153846153846,2.8205128205128203
456,4.102564102564102,2.8205128205128203
457,4.358974358974359,2.8205128205128203
458,4.615384615384615,2.8205128205128203
459,4.871794871794871,2.8205128205128203
460,5.128205128205128,2.8205128205128203
461,5.384615384615384,2.8205128205128203
462,5.6410256410256405,2.8205128205128203
463,5.897435897435897,2.8205128205128203
464,6.153846153846153,2.8205128205128203
465,6.41025641025641,2.8205128205128203
466,6.666666666666666,2.8205128205128203
467,6.9230769230769225,2.8205128205128203
468,7.179487179487179,2.8205128205128203
469,7.435897435897435,2.8205128205128203
470,7.692307692307692,2.8205128205128203
471,7.948717948717948,2.8205128205128203
472,8.205128205128204,2.8205128205128203
473,8.46153846153846,2.8205128205128203
474,8.717948717948717,2.8205128205128203
475,8.974358974358974,2.8205128205128203
476,9.23076923076923,2.8205128205128203
477,9.487179487179485,2.8205128205128203
478,9.743589743589743,2.8205128205128203
479,10.0,2.8205128205128203
480,0.0,3.0769230769230766
481,0.2564102564102564,3.0769230769230766
482,0.5128205128205128,3.0769230769230766
483,0.7692307692307692,3.0769230769230766
484,1.0256410256410255,3.0769230769230766
485,1.282051282051282,3.0769230769230766
486,1.5384615384615383,3.0769230769230766
487,1.7948717948717947,3.0769230769230766
488,2.051282051282051,3.0769230769230766
489,2.3076923076923075,3.0769230769230766
490,2.564102564102564,3.0769230769230766
491,2.8205128205128203,3.0769230769230766
492,3.0769230769230766,3.0769230769230766
493,3.333333333333333,3.0769230769230766
494,3.5897435897435894,3.0769230769230766
495,3.846153846153846,3.0769230769230766
496,4.102564102564102,3.0769230769230766
497,4.358974358974359,3.0769230769230766
498,4.615384615384615,3.0769230769230766
499,4.871794871794871,3.0769230769230766
500,5.128205128205128,3.0769230769230766
501,5.384615384615384,3.0769230769230766
502,5.6410256410256405,3.0769230769230766
503,5.897435897435897,3.0769230769230766
504,6.153846153846153,3.0769230769230766
505,6.41025641025641,3.0769230769230766
506,6.666666666666666,3.0769230769230766
507,6.9230769230769225,3.0769230769230766
508,7.179487179487179,3.0769230769230766
509,7.435897435897435,3.0769230769230766
510,7.692307692307692,3.0769230769230766
511,7.948717948717948,3.0769230769230766
512,8.205128205128204,3.0769230769230766
513,8.46153846153846,3.0769230769230766
514,8.717948717948717,3.0769230769230766
515,8.974358974358974,3.0769230769230766
516,9.23076923076923,3.0769230769230766
517,9.487179487179485,3.0769230769230766
518,9.743589743589743,3.0769230769230766
519,10.0,3.0769230769230766
520,0.0,3.333333333333333
521,0.2564102564102564,3.333333333333333
522,0.5128205128205128,3.333333333333333
523,0.7692307692307692,3.333333333333333
524,1.0256410256410255,3.333333333333333
525,1.282051282051282,3.333333333333333
526,1.5384615384615383,3.333333333333333
527,1.7948717948717947,3.333333333333333
528,2.051282051282051,3.333333333333333
529,2.3076923076923075,3.333333333333333
530,2.564102564102564,3.333333333333333
531,2.8205128205128203,3.333333333333333
532,3.0769230769230766,3.333333333333333
533,3.333333333333333,3.333333333333333
534,3.5897435897435894,3.333333333333333
535,3.846153846153846,3.333333333333333
536,4.102564102564102,3.333333333333333
537,4.358974358974359,3.333333333333333
538,4.615384615384615,3.333333333333333
539,4.871794871794871,3.333333333333333
540,5.128205128205128,3.333333333333333
541,5.384615384615384,3.333333333333333
542,5.6410256410256405,3.333333333333333
543,5.897435897435897,3.333333333333333
544,6.153846153846153,3.333333333333333
545,6.41025641025641,3.333333333333333
546,6.666666666666666,3.333333333333333
547,6.9230769230769225,3.333333333333333
548,7.179487179487179,3.333333333333333
549,7.435897435897435,3.333333333333333
550,7.692307692307692,3.333333333333333
551,7.948717948717948,3.333333333333333
552,8.205128205128204,3.333333333333333
553,8.46153846153846,3.333333333333333
554,8.717948717948717,3.333333333333333
555,8.974358974358974,3.333333333333333
556,9.23076923076923,3.333333333333333
557,9.487179487179485,3.333333333333333
558,9.743589743589743,3.333333333333333
559,10.0,3.333333333333333
560,0.0,3.5897435897435894
561,0.2564102564102564,3.5897435897435894
562,0.5128205128205128,3.5897435897435894
563,0.7692307692307692,3.5897435897435894
564,1.0256410256410255,3.5897435897435894
565,1.282051282051282,3.5897435897435894
566,1.5384615384615383,3.5897435897435894
567,1.7948717948717947,3.5897435897435894
568,2.051282051282051,3.5897435897435894
569,2.3076923076923075,3.5897435897435894
570,2.564102564102564,3.5897435897435894
571,2.8205128205128203,3.5897435897435894
572,3.0769230769230766,3.5897435897435894
573,3.333333333333333,3.5897435897435894
574,3.5897435897435894,3.5897435897435894
575,3.846153846153846,3.5897435897435894
576,4.102564102564102,3.5897435897435894
577,4.358974358974359,3.5897435897435894
578,4.615384615384615,3.5897435897435894
579,4.871794871794871,3.5897435897435894
580,5.128205128205128,3.5897435897435894
581,5.384615384615384,3.5897435897435894
582,5.6410256410256405,3.5897435897435894
583,5.897435897435897,3.5897435897435894
584,6.153846153846153,3.5897435897435894
585,6.41025641025641,3.5897435897435894
586,6.666666666666666,3.5897435897435894
587,6.9230769230769225,3.5897435897435894
588,7.179487179487179,3.5897435897435894
589,7.435897435897435,3.5897435897435894
590,7.692307692307692,3.5897435897435894
591,7.948717948717948,3.5897435897435894
592,8.205128205128204,3.5897435897435894
593,8.46153846153846,3.5897435897435894
594,8.717948717948717,3.5897435897435894
595,8.974358974358974,3.5897435897435894
596,9.23076923076923,3.5897435897435894
597,9.487179487179485,3.5897435897435894
598,9.743589743589743,3.5897435897435894
599,10.0,3.5897435897435894
600,0.0,3.846153846153846
601,0.2564102564102564,3.846153846153846
602,0.5128205128205128,3.846153846153846
603,0.7692307692307692,3.846153846153846
604,1.0256410256410255,3.846153846153846
605,1.282051282051282,3.846153846153846
606,1.5384615384615383,3.846153846153846
607,1.7948717948717947,3.846153846153846
608,2.051282051282051,3.846153846153846
609,2.3076923076923075,3.846153846153846
610,2.564102564102564,3.846153846153846
611,2.8205128205128203,3.846153846153846
612,3.0769230769230766,3.846153846153846
613,3.333333333333333,3.846153846153846
614,3.5897435897435894,3.846153846153846
615,3.846153846153846,3.846153846153846
616,4.102564102564102,3.846153846153846
617,4.358974358974359,3.846153846153846
618,4.615384615384615,3.846153846153846
619,4.871794871794871,3.846153846153846
620,5.128205128205128,3.846153846153846
621,5.384615384615384,3.846153846153846
622,5.6410256410256405,3.846153846153846
623,5.897435897435897,3.846153846153846
624,6.153846153846153,3.846153846153846
625,6.41025641025641,3.846153846153846
626,6.666666666666666,3.846153846153846
627,6.9230769230769225,3.846153846153846
628,7.179487179487179,3.846153846153846
629,7.435897435897435,3.846153846153846
630,7.692307692307692,3.846153846153846
631,7.948717948717948,3.846153846153846
632,8.205128205128204,3.846153846153846
633,8.46153846153846,3.846153846153846
634,8.717948717948717,3.846153846153846
635,8.974358974358974,3.846153846153846
636,9.23076923076923,3.846153846153846
637,9.487179487179485,3.846153846153846
638,9.743589743589743,3.846153846153846
639,10.0,3.846153846153846
640,0.0,4.102564102564102
641,0.2564102564102564,4.102564102564102
642,0.5128205128205128,4.102564102564102
643,0.7692307692307692,4.102564102564102
644,1.0256410256410255,4.102564102564102
645,1.282051282051282,4.102564102564102
646,1.5384615384615383,4.102564102564102
647,1.7948717948717947,4.102564102564102
648,2.051282051282051,4.102564102564102
649,2.3076923076923075,4.102564102564102
650,2.564102564102564,4.102564102564102
651,2.8205128205128203,4.102564102564102
652,3.0769230769230766,4.102564102564102
653,3.333333333333333,4.102564102564102
654,3.5897435897435894,4.102564102564102
655,3.846153846153846,4.102564102564102
656,4.102564102564102,4.102564102564102
657,4.358974358974359,4.102564102564102
658,4.615384615384615,4.102564102564102
659,4.871794871794871,4.102564102564102
660,5.128205128205128,4.102564102564102
661,5.384615384615384,4.102564102564102
662,5.6410256410256405,4.102564102564102
663,5.897435897435897,4.102564102564102
664,6.153846153846153,4.102564102564102
665,6.41025641025641,4.102564102564102
666,6.666666666666666,4.102564102564102
667,6.9230769230769225,4.102564102564102
668,7.179487179487179,4.102564102564102
669,7.435897435897435,4.102564102564102
670,7.692307692307692,4.102564102564102
671,7.948717948717948,4.102564102564102
672,8.205128205128204,4.102564102564102
673,8.46153846153846,4.102564102564102
674,8.717948717948717,4.102564102564102
675,8.974358974358974,4.102564102564102
676,9.23076923076923,4.102564102564102
677,9.487179487179485,4.102564102564102
678,9.743589743589743,4.102564102564102
679,10.0,4.102564102564102
680,0.0,4.358974358974359
681,0.2564102564102564,4.358974358974359
682,0.5128205128205128,4.358974358974359
683,0.7692307692307692,4.358974358974359
684,1.0256410256410255,4.358974358974359
685,1.282051282051282,4.358974358974359
686,1.5384615384615383,4.358974358974359
687,1.7948717948717947,4.358974358974359
688,2.051282051282051,4.358974358974359
689,2.3076923076923075,4.358974358974359
690,2.564102564102564,4.358974358974359
691,2.8205128205128203,4.358974358974359
692,3.0769230769230766,4.358974358974359
693,3.333333333333333,4.358974358974359
694,3.5897435897435894,4.358974358974359
695,3.846153846153846,4.358974358974359
696,4.102564102564102,4.358974358974359
697,4.358974358974359,4.358974358974359
698,4.615384615384615,4.358974358974359
699,4.871794871794871,4.358974358974359
700,5.128205128205128,4.358974358974359
701,5.384615384615384,4.358974358974359
702,5.6410256410256405,4.358974358974359
703,5.897435897435897,4.358974358974359
704,6.153846153846153,4.358974358974359
705,6.41025641025641,4.358974358974359
706,6.666666666666666,4.358974358974359
707,6.9230769230769225,4.358974358974359
708,7.179487179487179,4.358974358974359
709,7.435897435897435,4.358974358974359
710,7.692307692307692,4.358974358974359
711,7.948717948717948,4.358974358974359
712,8.205128205128204,4.358974358974359
713,8.46153846153846,4.358974358974359
714,8.717948717948717,4.358974358974359
715,8.974358974358974,4.358974358974359
716,9.23076923076923,4.358974358974359
717,9.487179487179485,4.358974358974359
718,9.743589743589743,4.358974358974359
719,10.0,4.358974358974359
720,0.0,4.615384615384615
721,0.2564102564102564,4.615384615384615
722,0.5128205128205128,4.615384615384615
723,0.7692307692307692,4.615384615384615
724,1.0256410256410255,4.615384615384615
725,1.282051282051282,4.615384615384615
726,1.5384615384615383,4.615384615384615
727,1.7948717948717947,4.615384615384615
728,2.051282051282051,4.615384615384615
729,2.3076923076923075,4.615384615384615
730,2.564102564102564,4.615384615384615
731,2.8205128205128203,4.615384615384615
732,3.0769230769230766,4.615384615384615
733,3.333333333333333,4.615384615384615
734,3.5897435897435894,4.615384615384615
735,3.846153846153846,4.615384615384615
736,4.102564102564102,4.615384615384615
737,4.358974358974359,4.615384615384615
738,4.615384615384615,4.615384615384615
739,4.871794871794871,4.615384615384615
740,5.128205128205128,4.615384615384615
741,5.384615384615384,4.615384615384615
742,5.6410256410256405,4.615384615384615
743,5.897435897435897,4.615384615384615
744,6.153846153846153,4.615384615384615
745,6.41025641025641,4.615384615384615
746,6.666666666666666,4.615384615384615
747,6.9230769230769225,4.615384615384615
748,7.179487179487179,4.615384615384615
749,7.435897435897435,4.615384615384615
750,7.692307692307692,4.615384615384615
751,7.948717948717948,4.615384615384615
752,8.205128205128204,4.615384615384615
753,8.46153846153846,4.615384615384615
754,8.717948717948717,4.615384615384615
755,8.974358974358974,4.615384615384615
756,9.23076923076923,4.615384615384615
757,9.487179487179485,4.615384615384615
758,9.743589743589743,4.615384615384615
759,10.0,4.615384615384615
760,0.0,4.871794871794871
761,0.2564102564102564,4.871794871794871
762,0.5128205128205128,4.871794871794871
763,0.7692307692307692,4.871794871794871
764,1.0256410256410255,4.871794871794871
765,1.282051282051282,4.871794871794871
766,1.5384615384615383,4.871794871794871
767,1.7948717948717947,4.871794871794871
768,2.051282051282051,4.871794871794871
769,2.3076923076923075,4.871794871794871
770,2.564102564102564,4.871794871794871
771,2.8205128205128203,4.871794871794871
772,3.0769230769230766,4.871794871794871
773,3.333333333333333,4.871794871794871
774,3.5897435897435894,4.871794871794871
775,3.846153846153846,4.871794871794871
776,4.102564102564102,4.871794871794871
777,4.358974358974359,4.871794871794871
778,4.615384615384615,4.871794871794871
779,4.871794871794871,4.871794871794871
780,5.128205128205128,4.871794871794871
781,5.384615384615384,4.871794871794871
782,5.6410256410256405,4.871794871794871
783,5.897435897435897,4.871794871794871
784,6.153846153846153,4.871794871794871
785,6.41025641025641,4.871794871794871
786,6.666666666666666,4.871794871794871
787,6.9230769230769225,4.871794871794871
788,7.179487179487179,4.871794871794871
789,7.435897435897435,4.871794871794871
790,7.692307692307692,4.871794871794871
791,7.948717948717948,4.871794871794871
792,8.205128205128204,4.871794871794871
793,8.46153846153846,4.871794871794871
794,8.717948717948717,4.871794871794871
795,8.974358974358974,4.871794871794871
796,9.23076923076923,4.871794871794871
797,9.487179487179485,4.871794871794871
798,9.743589743589743,4.871794871794871
799,10.0,4.871794871794871
800,0.0,5.128205128205128
801,0.2564102564102564,5.128205128205128
802,0.5128205128205128,5.128205128205128
803,0.7692307692307692,5.128205128205128
804,1.0256410256410255,5.128205128205128
805,1.282051282051282,5.128205128205128
806,1.5384615384615383,5.128205128205128
807,1.7948717948717947,5.128205128205128
808,2.051282051282051,5.128205128205128
809,2.3076923076923075,5.128205128205128
810,2.564102564102564,5.128205128205128
811,2.8205128205128203,5.128205128205128
812,3.0769230769230766,5.128205128205128
813,3.333333333333333,5.128205128205128
814,3.5897435897435894,5.128205128205128
815,3.846153846153846,5.128205128205128
816,4.102564102564102,5.128205128205128
817,4.358974358974359,5.128205128205128
818,4.615384615384615,5.128205128205128
819,4.871794871794871,5.128205128205128
820,5.128205128205128,5.128205128205128
821,5.384615384615384,5.128205128205128
822,5.6410256410256405,5.128205128205128
823,5.897435897435897,5.128205128205128
824,6.153846153846153,5.128205128205128
825,6.41025641025641,5.128205128205128
826,6.666666666666666,5.128205128205128
827,6.9230769230769225,5.128205128205128
828,7.179487179487179,5.128205128205128
829,7.435897435897435,5.128205128205128
830,7.692307692307692,5.128205128205128
831,7.948717948717948,5.128205128205128
832,8.205128205128204,5.128205128205128
833,8.46153846153846,5.128205128205128
834,8.717948717948717,5.128205128205128
835,8.974358974358974,5.128205128205128
836,9.23076923076923,5.128205128205128
837,9.487179487179485,5.128205128205128
838,9.743589743589743,5.128205128205128
839,10.0,5.128205128205128
840,0.0,5.384615384615384
841,0.2564102564102564,5.384615384615384
842,0.5128205128205128,5.384615384615384
843,0.7692307692307692,5.384615384615384
844,1.0256410256410255,5.384615384615384
845,1.282051282051282,5.384615384615384
846,1.5384615384615383,5.384615384615384
847,1.7948717948717947,5.384615384615384
848,2.051282051282051,5.384615384615384
849,2.3076923076923075,5.384615384615384
850,2.564102564102564,5.384615384615384
851,2.8205128205128203,5.384615384615384
852,3.0769230769230766,5.384615384615384
853,3.333333333333333,5.384615384615384
854,3.5897435897435894,5.384615384615384
855,3.846153846153846,5.384615384615384
856,4.102564102564102,5.384615384615384
857,4.358974358974359,5.384615384615384
858,4.615384615384615,5.384615384615384
859,4.871794871794871,5.384615384615384
860,5.128205128205128,5.384615384615384
861,5.384615384615384,5.384615384615384
862,5.6410256410256405,5.384615384615384
863,5.897435897435897,5.384615384615384
864,6.153846153846153,5.384615384615384
865,6.41025641025641,5.384615384615384
866,6.666666666666666,5.384615384615384
867,6.9230769230769225,5.384615384615384
868,7.179487179487179,5.384615384615384
869,7.435897435897435,5.384615384615384
870,7.692307692307692,5.384615384615384
871,7.948717948717948,5.384615384615384
872,8.205128205128204,5.384615384615384
873,8.46153846153846,5.384615384615384
874,8.717948717948717,5.384615384615384
875,8.974358974358974,5.384615384615384
876,9.23076923076923,5.384615384615384
877,9.487179487179485,5.384615384615384
878,9.743589743589743,5.384615384615384
879,10.0,5.384615384615384
880,0.0,5.6410256410256405
881,0.2564102564102564,5.6410256410256405
882,0.5128205128205128,5.6410256410256405
883,0.7692307692307692,5.6410256410256405
884,1.0256410256410255,5.6410256410256405
885,1.282051282051282,5.6410256410256405
886,1.5384615384615383,5.6410256410256405
887,1.7948717948717947,5.6410256410256405
888,2.051282051282051,5.6410256410256405
889,2.3076923076923075,5.6410256410256405
890,2.564102564102564,5.6410256410256405
891,2.8205128205128203,5.6410256410256405
892,3.0769230769230766,5.6410256410256405
893,3.333333333333333,5.6410256410256405
894,3.5897435897435894,5.6410256410256405
895,3.846153846153846,5.6410256410256405
896,4.102564102564102,5.6410256410256405
897,4.358974358974359,5.6410256410256405
898,4.615384615384615,5.6410256410256405
899,4.871794871794871,5.6410256410256405
900,5.128205128205128,5.6410256410256405
901,5.384615384615384,5.6410256410256405
902,5.6410256410256405,5.6410256410256405
903,5.897435897435897,5.6410256410256405
904,6.153846153846153,5.6410256410256405
905,6.41025641025641,5.6410256410256405
906,6.666666666666666,5.6410256410256405
907,6.9230769230769225,5.6410256410256405
908,7.179487179487179,5.6410256410256405
909,7.435897435897435,5.6410256410256405
910,7.692307692307692,5.6410256410256405
911,7.948717948717948,5.6410256410256405
912,8.205128205128204,5.6410256410256405
913,8.46153846153846,5.6410256410256405
914,8.717948717948717,5.6410256410256405
915,8.974358974358974,5.6410256410256405
916,9.23076923076923,5.6410256410256405
917,9.487179487179485,5.6410256410256405
918,9.743589743589743,5.6410256410256405
919,10.0,5.6410256410256405
920,0.0,5.897435897435897
921,0.2564102564102564,5.897435897435897
922,0.5128205128205128,5.897435897435897
923,0.7692307692307692,5.897435897435897
924,1.0256410256410255,5.897435897435897
925,1.282051282051282,5.897435897435897
926,1.5384615384615383,5.897435897435897
927,1.7948717948717947,5.897435897435897
928,2.051282051282051,5.897435897435897
929,2.3076923076923075,5.897435897435897
930,2.564102564102564,5.897435897435897
931,2.8205128205128203,5.897435897435897
932,3.0769230769230766,5.897435897435897
933,3.333333333333333,5.897435897435897
934,3.5897435897435894,5.897435897435897
935,3.846153846153846,5.897435897435897
936,4.102564102564102,5.897435897435897
937,4.358974358974359,5.897435897435897
938,4.615384615384615,5.897435897435897
939,4.871794871794871,5.897435897435897
940,5.128205128205128,5.897435897435897
941,5.384615384615384,5.897435897435897
942,5.6410256410256405,5.897435897435897
943,5.897435897435897,5.897435897435897
944,6.153846153846153,5.897435897435897
945,6.41025641025641,5.897435897435897
946,6.666666666666666,5.897435897435897
947,6.9230769230769225,5.897435897435897
948,7.179487179487179,5.897435897435897
949,7.435897435897435,5.897435897435897
950,7.692307692307692,5.897435897435897
951,7.948717948717948,5.897435897435897
952,8.205128205128204,5.897435897435897
953,8.46153846153846,5.897435897435897
954,8.717948717948717,5.897435897435897
955,8.974358974358974,5.897435897435897
956,9.23076923076923,5.897435897435897
957,9.487179487179485,5.897435897435897
958,9.743589743589743,5.897435897435897
959,10.0,5.897435897435897
960,0.0,6.153846153846153
961,0.2564102564102564,6.153846153846153
962,0.5128205128205128,6.153846153846153
963,0.7692307692307692,6.153846153846153
964,1.0256410256410255,6.153846153846153
965,1.282051282051282,6.153846153846153
966,1.5384615384615383,6.153846153846153
967,1.7948717948717947,6.153846153846153
968,2.051282051282051,6.153846153846153
969,2.3076923076923075,6.153846153846153
970,2.564102564102564,6.153846153846153
971,2.8205128205128203,6.153846153846153
972,3.0769230769230766,6.153846153846153
973,3.333333333333333,6.153846153846153
974,3.5897435897435894,6.153846153846153
975,3.846153846153846,6.153846153846153
976,4.102564102564102,6.153846153846153
977,4.358974358974359,6.153846153846153
978,4.615384615384615,6.153846153846153
979,4.871794871794871,6.153846153846153
980,5.128205128205128,6.153846153846153
981,5.384615384615384,6.153846153846153
982,5.6410256410256405,6.153846153846153
983,5.897435897435897,6.153846153846153
984,6.153846153846153,6.153846153846153
985,6.41025641025641,6.153846153846153
986,6.666666666666666,6.153846153846153
987,6.9230769230769225,6.153846153846153
988,7.179487179487179,6.153846153846153
989,7.435897435897435,6.153846153846153
990,7.692307692307692,6.153846153846153
991,7.948717948717948,6.153846153846153
992,8.205128205128204,6.153846153846153
993,8.46153846153846,6.153846153846153
994,8.717948717948717,6.153846153846153
995,8.974358974358974,6.153846153846153
996,9.23076923076923,6.153846153846153
997,9.487179487179485,6.153846153846153
998,9.743589743589743,6.153846153846153
999,10.0,6.153846153846153
1000,0.0,6.41025641025641
1001,0.2564102564102564,6.41025641025641
1002,0.5128205128205128,6.41025641025641
1003,0.7692307692307692,6.41025641025641
1004,1.0256410256410255,6.41025641025641
1005,1.282051282051282,6.41025641025641
1006,1.5384615384615383,6.41025641025641
1007,1.7948717948717947,6.41025641025641
1008,2.051282051282051,6.41025641025641
1009,2.3076923076923075,6.41025641025641
1010,2.564102564102564,6.41025641025641
1011,2.8205128205128203,6.41025641025641
1012,3.0769230769230766,6.41025641025641
1013,3.333333333333333,6.41025641025641
1014,3.5897435897435894,6.41025641025641
1015,3.846153846153846,6.41025641025641
1016,4.102564102564102,6.41025641025641
1017,4.358974358974359,6.41025641025641
1018,4.615384615384615,6.41025641025641
1019,4.871794871794871,6.41025641025641
1020,5.128205128205128,6.41025641025641
1021,5.384615384615384,6.41025641025641
1022,5.6410256410256405,6.41025641025641
1023,5.897435897435897,6.41025641025641
1024,6.153846153846153,6.41025641025641
1025,6.41025641025641,6.41025641025641
1026,6.666666666666666,6.41025641025641
1027,6.9230769230769225,6.41025641025641
1028,7.179487179487179,6.41025641025641
1029,7.435897435897435,6.41025641025641
1030,7.692307692307692,6.41025641025641
1031,7.948717948717948,6.41025641025641
1032,8.205128205128204,6.41025641025641
1033,8.46153846153846,6.41025641025641
1034,8.717948717948717,6.41025641025641
1035,8.974358974358974,6.41025641025641
1036,9.23076923076923,6.41025641025641
1037,9.487179487179485,6.41025641025641
1038,9.743589743589743,6.41025641025641
1039,10.0,6.41025641025641
1040,0.0,6.666666666666666
1041,0.2564102564102564,6.666666666666666
1042,0.5128205128205128,6.666666666666666
1043,0.7692307692307692,6.666666666666666
1044,1.0256410256410255,6.666666666666666
1045,1.282051282051282,6.666666666666666
1046,1.5384615384615383,6.666666666666666
1047,1.7948717948717947,6.666666666666666
1048,2.051282051282051,6.666666666666666
1049,2.3076923076923075,6.666666666666666
1050,2.564102564102564,6.666666666666666
1051,2.8205128205128203,6.666666666666666
1052,3.0769230769230766,6.666666666666666
1053,3.333333333333333,6.666666666666666
1054,3.5897435897435894,6.666666666666666
1055,3.846153846153846,6.666666666666666
1056,4.102564102564102,6.666666666666666
1057,4.358974358974359,6.666666666666666
1058,4.615384615384615,6.666666666666666
1059,4.871794871794871,6.666666666666666
1060,5.128205128205128,6.666666666666666
1061,5.384615384615384,6.666666666666666
1062,5.6410256410256405,6.666666666666666
1063,5.897435897435897,6.666666666666666
1064,6.153846153846153,6.666666666666666
1065,6.41025641025641,6.666666666666666
1066,6.666666666666666,6.666666666666666
1067,6.9230769230769225,6.666666666666666
1068,7.179487179487179,6.666666666666666
1069,7.435897435897435,6.666666666666666
1070,7.692307692307692,6.666666666666666
1071,7.948717948717948,6.666666666666666
1072,8.205128205128204,6.666666666666666
1073,8.46153846153846,6.666666666666666
1074,8.717948717948717,6.666666666666666
1075,8.974358974358974,6.666666666666666
1076,9.23076923076923,6.666666666666666
1077,9.487179487179485,6.666666666666666
1078,9.743589743589743,6.666666666666666
1079,10.0,6.666666666666666
1080,0.0,6.9230769230769225
1081,0.2564102564102564,6.9230769230769225
1082,0.5128205128205128,6.9230769230769225
1083,0.7692307692307692,6.9230769230769225
1084,1.0256410256410255,6.9230769230769225
1085,1.282051282051282,6.9230769230769225
1086,1.5384615384615383,6.9230769230769225
1087,1.7948717948717947,6.9230769230769225
1088,2.051282051282051,6.9230769230769225
1089,2.3076923076923075,6.9230769230769225
1090,2.564102564102564,6.9230769230769225
1091,2.8205128205128203,6.9230769230769225
1092,3.0769230769230766,6.9230769230769225
1093,3.333333333333333,6.9230769230769225
1094,3.5897435897435894,6.9230769230769225
1095,3.846153846153846,6.9230769230769225
1096,4.102564102564102,6.9230769230769225
1097,4.358974358974359,6.9230769230769225
1098,4.615384615384615,6.9230769230769225
1099,4.871794871794871,6.9230769230769225
1100,5.128205128205128,6.9230769230769225
1101,5.384615384615384,6.9230769230769225
1102,5.6410256410256405,6.9230769230769225
1103,5.897435897435897,6.9230769230769225
1104,6.153846153846153,6.9230769230769225
1105,6.41025641025641,6.9230769230769225
1106,6.666666666666666,6.9230769230769225
1107,6.9230769230769225,6.9230769230769225
1108,7.179487179487179,6.9230769230769225
1109,7.435897435897435,6.9230769230769225
1110,7.692307692307692,6.9230769230769225
1111,7.948717948717948,6.9230769230769225
1112,8.205128205128204,6.9230769230769225
1113,8.46153846153846,6.9230769230769225
1114,8.717948717948717,6.9230769230769225
1115,8.974358974358974,6.9230769230769225
1116,9.23076923076923,6.9230769230769225
1117,9.487179487179485,6.9230769230769225
1118,9.743589743589743,6.9230769230769225
1119,10.0,6.9230769230769225
1120,0.0,7.179487179487179
1121,0.2564102564102564,7.179487179487179
1122,0.5128205128205128,7.179487179487179
1123,0.7692307692307692,7.179487179487179
1124,1.0256410256410255,7.179487179487179
1125,1.282051282051282,7.179487179487179
1126,1.5384615384615383,7.179487179487179
1127,1.7948717948717947,7.179487179487179
1128,2.051282051282051,7.179487179487179
1129,2.3076923076923075,7.179487179487179
1130,2.564102564102564,7.179487179487179
1131,2.8205128205128203,7.179487179487179
1132,3.0769230769230766,7.179487179487179
1133,3.333333333333333,7.179487179487179
1134,3.5897435897435894,7.179487179487179
1135,3.846153846153846,7.179487179487179
1136,4.102564102564102,7.179487179487179
1137,4.358974358974359,7.179487179487179
1138,4.615384615384615,7.179487179487179
1139,4.871794871794871,7.179487179487179
1140,5.128205128205128,7.179487179487179
1141,5.384615384615384,7.179487179487179
1142,5.6410256410256405,7.179487179487179
1143,5.897435897435897,7.179487179487179
1144,6.153846153846153,7.179487179487179
1145,6.41025641025641,7.179487179487179
1146,6.666666666666666,7.179487179487179
1147,6.9230769230769225,7.179487179487179
1148,7.179487179487179,7.179487179487179
1149,7.435897435897435,7.179487179487179
1150,7.692307692307692,7.179487179487179
1151,7.948717948717948,7.179487179487179
1152,8.205128205128204,7.179487179487179
1153,8.46153846153846,7.179487179487179
1154,8.717948717948717,7.179487179487179
1155,8.974358974358974,7.179487179487179
1156,9.23076923076923,7.179487179487179
1157,9.487179487179485,7.179487179487179
1158,9.743589743589743,7.179487179487179
1159,10.0,7.179487179487179
1160,0.0,7.435897435897435
1161,0.2564102564102564,7.435897435897435
1162,0.5128205128205128,7.435897435897435
1163,0.7692307692307692,7.435897435897435
1164,1.0256410256410255,7.435897435897435
1165,1.282051282051282,7.435897435897435
1166,1.5384615384615383,7.435897435897435
1167,1.7948717948717947,7.435897435897435
1168,2.051282051282051,7.435897435897435
1169,2.3076923076923075,7.435897435897435
1170,2.564102564102564,7.435897435897435
1171,2.8205128205128203,7.435897435897435
1172,3.0769230769230766,7.435897435897435
1173,3.333333333333333,7.435897435897435
1174,3.5897435897435894,7.435897435897435
1175,3.846153846153846,7.435897435897435
1176,4.102564102564102,7.435897435897435
1177,4.358974358974359,7.435897435897435
1178,4.615384615384615,7.435897435897435
1179,4.871794871794871,7.435897435897435
1180,5.128205128205128,7.435897435897435
1181,5.384615384615384,7.435897435897435
1182,5.6410256410256405,7.435897435897435
1183,5.897435897435897,7.435897435897435
1184,6.153846153846153,7.435897435897435
1185,6.41025641025641,7.435897435897435
1186,6.666666666666666,7.435897435897435
1187,6.9230769230769225,7.435897435897435
1188,7.179487179487179,7.435897435897435
1189,7.435897435897435,7.435897435897435
1190,7.692307692307692,7.435897435897435
1191,7.948717948717948,7.435897435897435
1192,8.205128205128204,7.435897435897435
1193,8.46153846153846,7.435897435897435
1194,8.717948717948717,7.435897435897435
1195,8.974358974358974,7.435897435897435
1196,9.23076923076923,7.435897435897435
1197,9.487179487179485,7.435897435897435
1198,9.743589743589743,7.435897435897435
1199,10.0,7.435897435897435
1200,0.0,7.692307692307692
1201,0.2564102564102564,7.692307692307692
1202,0.5128205128205128,7.692307692307692
1203,0.7692307692307692,7.692307692307692
1204,1.0256410256410255,7.692307692307692
1205,1.282051282051282,7.692307692307692
1206,1.5384615384615383,7.692307692307692
1207,1.7948717948717947,7.692307692307692
1208,2.051282051282051,7.692307692307692
1209,2.3076923076923075,7.692307692307692
1210,2.564102564102564,7.692307692307692
1211,2.8205128205128203,7.692307692307692
1212,3.0769230769230766,7.692307692307692
1213,3.333333333333333,7.692307692307692
1214,3.5897435897435894,7.692307692307692
1215,3.846153846153846,7.692307692307692
1216,4.102564102564102,7.692307692307692
1217,4.358974358974359,7.692307692307692
1218,4.615384615384615,7.692307692307692
1219,4.871794871794871,7.692307692307692
1220,5.128205128205128,7.692307692307692
1221,5.384615384615384,7.692307692307692
1222,5.6410256410256405,7.692307692307692
1223,5.897435897435897,7.692307692307692
1224,6.153846153846153,7.692307692307692
1225,6.41025641025641,7.692307692307692
1226,6.666666666666666,7.692307692307692
1227,6.9230769230769225,7.692307692307692
1228,7.179487179487179,7.692307692307692
1229,7.435897435897435,7.692307692307692
1230,7.692307692307692,7.692307692307692
1231,7.948717948717948,7.692307692307692
1232,8.205128205128204,7.692307692307692
1233,8.46153846153846,7.692307692307692
1234,8.717948717948717,7.692307692307692
1235,8.974358974358974,7.692307692307692
1236,9.23076923076923,7.692307692307692
1237,9.487179487179485,7.692307692307692
1238,9.743589743589743,7.692307692307692
1239,10.0,7.692307692307692
1240,0.0,7.948717948717948
1241,0.2564102564102564,7.948717948717948
1242,0.5128205128205128,7.948717948717948
1243,0.7692307692307692,7.948717948717948
1244,1.0256410256410255,7.948717948717948
1245,1.282051282051282,7.948717948717948
1246,1.5384615384615383,7.948717948717948
1247,1.7948717948717947,7.948717948717948
1248,2.051282051282051,7.948717948717948
1249,2.3076923076923075,7.948717948717948
1250,2.564102564102564,7.948717948717948
1251,2.8205128205128203,7.948717948717948
1252,3.0769230769230766,7.948717948717948
1253,3.333333333333333,7.948717948717948
1254,3.5897435897435894,7.948717948717948
1255,3.846153846153846,7.948717948717948
1256,4.102564102564102,7.948717948717948
1257,4.358974358974359,7.948717948717948
1258,4.615384615384615,7.948717948717948
1259,4.871794871794871,7.948717948717948
1260,5.128205128205128,7.948717948717948
1261,5.384615384615384,7.948717948717948
1262,5.6410256410256405,7.948717948717948
1263,5.897435897435897,7.948717948717948
1264,6.153846153846153,7.948717948717948
1265,6.41025641025641,7.948717948717948
1266,6.666666666666666,7.948717948717948
1267,6.9230769230769225,7.948717948717948
1268,7.179487179487179,7.948717948717948
1269,7.435897435897435,7.948717948717948
1270,7.692307692307692,7.948717948717948
1271,7.948717948717948,7.948717948717948
1272,8.205128205128204,7.948717948717948
1273,8.46153846153846,7.948717948717948
1274,8.717948717948717,7.948717948717948
1275,8.974358974358974,7.948717948717948
1276,9.23076923076923,7.948717948717948
1277,9.487179487179485,7.948717948717948
1278,9.743589743589743,7.948717948717948
1279,10.0,7.948717948717948
1280,0.0,8.205128205128204
1281,0.2564102564102564,8.205128205128204
1282,0.5128205128205128,8.205128205128204
1283,0.7692307692307692,8.205128205128204
1284,1.0256410256410255,8.205128205128204
1285,1.282051282051282,8.205128205128204
1286,1.5384615384615383,8.205128205128204
1287,1.7948717948717947,8.205128205128204
1288,2.051282051282051,8.205128205128204
1289,2.3076923076923075,8.205128205128204
1290,2.564102564102564,8.205128205128204
1291,2.8205128205128203,8.205128205128204
1292,3.0769230769230766,8.205128205128204
1293,3.333333333333333,8.205128205128204
1294,3.5897435897435894,8.205128205128204
1295,3.846153846153846,8.205128205128204
1296,4.102564102564102,8.205128205128204
1297,4.358974358974359,8.205128205128204
1298,4.615384615384615,8.205128205128204
1299,4.871794871794871,8.205128205128204
1300,5.128205128205128,8.205128205128204
1301,5.384615384615384,8.205128205128204
1302,5.6410256410256405,8.205128205128204
1303,5.897435897435897,8.205128205128204
1304,6.153846153846153,8.205128205128204
1305,6.41025641025641,8.205128205128204
1306,6.666666666666666,8.205128205128204
1307,6.9230769230769225,8.205128205128204
1308,7.179487179487179,8.205128205128204
1309,7.435897435897435,8.205128205128204
1310,7.692307692307692,8.205128205128204
1311,7.948717948717948,8.205128205128204
1312,8.205128205128204,8.205128205128204
1313,8.46153846153846,8.205128205128204
1314,8.717948717948717,8.205128205128204
1315,8.974358974358974,8.205128205128204
1316,9.23076923076923,8.205128205128204
1317,9.487179487179485,8.205128205128204
1318,9.743589743589743,8.205128205128204
1319,10.0,8.205128205128204
1320,0.0,8.46153846153846
1321,0.2564102564102564,8.46153846153846
1322,0.5128205128205128,8.46153846153846
1323,0.7692307692307692,8.46153846153846
1324,1.0256410256410255,8.46153846153846
1325,1.282051282051282,8.46153846153846
1326,1.5384615384615383,8.46153846153846
1327,1.7948717948717947,8.46153846153846
1328,2.051282051282051,8.46153846153846
1329,2.3076923076923075,8.46153846153846
1330,2.564102564102564,8.46153846153846
1331,2.8205128205128203,8.46153846153846
1332,3.0769230769230766,8.46153846153846
1333,3.333333333333333,8.46153846153846
1334,3.5897435897435894,8.46153846153846
1335,3.846153846153846,8.46153846153846
1336,4.102564102564102,8.46153846153846
1337,4.358974358974359,8.46153846153846
1338,4.615384615384615,8.46153846153846
1339,4.871794871794871,8.46153846153846
1340,5.128205128205128,8.46153846153846
1341,5.384615384615384,8.46153846153846
1342,5.6410256410256405,8.46153846153846
1343,5.897435897435897,8.46153846153846
1344,6.153846153846153,8.46153846153846
1345,6.41025641025641,8.46153846153846
1346,6.666666666666666,8.46153846153846
1347,6.9230769230769225,8.46153846153846
1348,7.179487179487179,8.46153846153846
1349,7.435897435897435,8.46153846153846
1350,7.692307692307692,8.46153846153846
1351,7.948717948717948,8.46153846153846
1352,8.205128205128204,8.46153846153846
1353,8.46153846153846,8.46153846153846
1354,8.717948717948717,8.46153846153846
1355,8.974358974358974,8.46153846153846
1356,9.23076923076923,8.46153846153846
1357,9.487179487179485,8.46153846153846
1358,9.743589743589743,8.46153846153846
1359,10.0,8.46153846153846
1360,0.0,8.717948717948717
1361,0.2564102564102564,8.717948717948717
1362,0.5128205128205128,8.717948717948717
1363,0.7692307692307692,8.717948717948717
1364,1.0256410256410255,8.717948717948717
1365,1.282051282051282,8.717948717948717
1366,1.5384615384615383,8.717948717948717
1367,1.7948717948717947,8.717948717948717
1368,2.051282051282051,8.717948717948717
1369,2.3076923076923075,8.717948717948717
1370,2.564102564102564,8.717948717948717
1371,2.8205128205128203,8.717948717948717
1372,3.0769230769230766,8.717948717948717
1373,3.333333333333333,8.717948717948717
1374,3.5897435897435894,8.717948717948717
1375,3.846153846153846,8.717948717948717
1376,4.102564102564102,8.717948717948717
1377,4.358974358974359,8.717948717948717
1378,4.615384615384615,8.717948717948717
1379,4.871794871794871,8.717948717948717
1380,5.128205128205128,8.717948717948717
1381,5.384615384615384,8.717948717948717
1382,5.6410256410256405,8.717948717948717
1383,5.897435897435897,8.717948717948717
1384,6.153846153846153,8.717948717948717
1385,6.41025641025641,8.717948717948717
1386,6.666666666666666,8.717948717948717
1387,6.9230769230769225,8.717948717948717
1388,7.179487179487179,8.717948717948717
1389,7.435897435897435,8.717948717948717
1390,7.692307692307692,8.717948717948717
1391,7.948717948717948,8.717948717948717
1392,8.205128205128204,8.717948717948717
1393,8.46153846153846,8.717948717948717
1394,8.717948717948717,8.717948717948717
1395,8.974358974358974,8.717948717948717
1396,9.23076923076923,8.717948717948717
1397,9.487179487179485,8.717948717948717
1398,9.743589743589743,8.717948717948717
1399,10.0,8.717948717948717
1400,0.0,8.974358974358974
1401,0.2564102564102564,8.974358974358974
1402,0.5128205128205128,8.974358974358974
1403,0.7692307692307692,8.974358974358974
1404,1.0256410256410255,8.974358974358974
1405,1.282051282051282,8.974358974358974
1406,1.5384615384615383,8.974358974358974
1407,1.7948717948717947,8.974358974358974
1408,2.051282051282051,8.974358974358974
1409,2.3076923076923075,8.974358974358974
1410,2.564102564102564,8.974358974358974
1411,2.8205128205128203,8.974358974358974
1412,3.0769230769230766,8.974358974358974
1413,3.333333333333333,8.974358974358974
1414,3.5897435897435894,8.974358974358974
1415,3.846153846153846,8.974358974358974
1416,4.102564102564102,8.974358974358974
1417,4.358974358974359,8.974358974358974
1418,4.615384615384615,8.974358974358974
1419,4.871794871794871,8.974358974358974
1420,5.128205128205128,8.974358974358974
1421,5.384615384615384,8.974358974358974
1422,5.6410256410256405,8.974358974358974
1423,5.897435897435897,8.974358974358974
1424,6.153846153846153,8.974358974358974
1425,6.41025641025641,8.974358974358974
1426,6.666666666666666,8.974358974358974
1427,6.9230769230769225,8.974358974358974
1428,7.179487179487179,8.974358974358974
1429,7.435897435897435,8.974358974358974
1430,7.692307692307692,8.974358974358974
1431,7.948717948717948,8.974358974358974
1432,8.205128205128204,8.974358974358974
1433,8.46153846153846,8.974358974358974
1434,8.717948717948717,8.974358974358974
1435,8.974358974358974,8.974358974358974
1436,9.23076923076923,8.974358974358974
1437,9.487179487179485,8.974358974358974
1438,9.743589743589743,8.974358974358974
1439,10.0,8.974358974358974
1440,0.0,9.23076923076923
1441,0.2564102564102564,9.23076923076923
1442,0.5128205128205128,9.23076923076923
1443,0.7692307692307692,9.23076923076923
1444,1.0256410256410255,9.23076923076923
1445,1.282051282051282,9.23076923076923
1446,1.5384615384615383,9.23076923076923
1447,1.7948717948717947,9.23076923076923
1448,2.051282051282051,9.23076923076923
1449,2.3076923076923075,9.23076923076923
1450,2.564102564102564,9.23076923076923
1451,2.8205128205128203,9.23076923076923
1452,3.0769230769230766,9.23076923076923
1453,3.333333333333333,9.23076923076923
1454,3.5897435897435894,9.23076923076923
1455,3.846153846153846,9.23076923076923
1456,4.102564102564102,9.23076923076923
1457,4.358974358974359,9.23076923076923
1458,4.615384615384615,9.23076923076923
1459,4.871794871794871,9.23076923076923
1460,5.128205128205128,9.23076923076923
1461,5.384615384615384,9.23076923076923
1462,5.6410256410256405,9.23076923076923
1463,5.897435897435897,9.23076923076923
1464,6.153846153846153,9.23076923076923
1465,6.41025641025641,9.23076923076923
1466,6.666666666666666,9.23076923076923
1467,6.9230769230769225,9.23076923076923
1468,7.179487179487179,9.23076923076923
1469,7.435897435897435,9.23076923076923
1470,7.692307692307692,9.23076923076923
1471,7.948717948717948,9.23076923076923
1472,8.205128205128204,9.23076923076923
1473,8.46153846153846,9.23076923076923
1474,8.717948717948717,9.23076923076923
1475,8.974358974358974,9.23076923076923
1476,9.23076923076923,9.23076923076923
1477,9.487179487179485,9.23076923076923
1478,9.743589743589743,9.23076923076923
1479,10.0,9.23076923076923
1480,0.0,9.487179487179485
1481,0.2564102564102564,9.487179487179485
1482,0.5128205128205128,9.487179487179485
1483,0.7692307692307692,9.487179487179485
1484,1.0256410256410255,9.487179487179485
1485,1.282051282051282,9.487179487179485
1486,1.5384615384615383,9.487179487179485
1487,1.7948717948717947,9.487179487179485
1488,2.051282051282051,9.487179487179485
1489,2.3076923076923075,9.487179487179485
1490,2.564102564102564,9.487179487179485
1491,2.8205128205128203,9.487179487179485
1492,3.0769230769230766,9.487179487179485
1493,3.333333333333333,9.487179487179485
1494,3.5897435897435894,9.487179487179485
1495,3.846153846153846,9.487179487179485
1496,4.102564102564102,9.487179487179485
1497,4.358974358974359,9.487179487179485
1498,4.615384615384615,9.487179487179485
1499,4.871794871794871,9.487179487179485
1500,5.128205128205128,9.487179487179485
1501,5.384615384615384,9.487179487179485
1502,5.6410256410256405,9.487179487179485
1503,5.897435897435897,9.487179487179485
1504,6.153846153846153,9.487179487179485
1505,6.41025641025641,9.487179487179485
1506,6.666666666666666,9.487179487179485
1507,6.9230769230769225,9.487179487179485
1508,7.179487179487179,9.487179487179485
1509,7.435897435897435,9.487179487179485
1510,7.692307692307692,9.487179487179485
1511,7.948717948717948,9.487179487179485
1512,8.205128205128204,9.487179487179485
1513,8.46153846153846,9.487179487179485
1514,8.717948717948717,9.487179487179485
1515,8.974358974358974,9.487179487179485
1516,9.23076923076923,9.487179487179485
1517,9.487179487179485,9.487179487179485
1518,9.743589743589743,9.487179487179485
1519,10.0,9.487179487179485
1520,0.0,9.743589743589743
1521,0.2564102564102564,9.743589743589743
1522,0.5128205128205128,9.743589743589743
1523,0.7692307692307692,9.743589743589743
1524,1.0256410256410255,9.743589743589743
1525,1.282051282051282,9.743589743589743
1526,1.5384615384615383,9.743589743589743
1527,1.7948717948717947,9.743589743589743
1528,2.051282051282051,9.743589743589743
1529,2.3076923076923075,9.743589743589743
1530,2.564102564102564,9.743589743589743
1531,2.8205128205128203,9.743589743589743
1532,3.0769230769230766,9.743589743589743
1533,3.333333333333333,9.743589743589743
1534,3.5897435897435894,9.743589743589743
1535,3.846153846153846,9.743589743589743
1536,4.102564102564102,9.743589743589743
1537,4.358974358974359,9.743589743589743
1538,4.615384615384615,9.743589743589743
1539,4.871794871794871,9.743589743589743
1540,5.128205128205128,9.743589743589743
1541,5.384615384615384,9.743589743589743
1542,5.6410256410256405,9.743589743589743
1543,5.897435897435897,9.743589743589743
1544,6.153846153846153,9.743589743589743
1545,6.41025641025641,9.743589743589743
1546,6.666666666666666,9.743589743589743
1547,6.9230769230769225,9.743589743589743
1548,7.179487179487179,9.743589743589743
1549,7.435897435897435,9.743589743589743
1550,7.692307692307692,9.743589743589743
1551,7.948717948717948,9.743589743589743
1552,8.205128205128204,9.743589743589743
1553,8.46153846153846,9.743589743589743
1554,8.717948717948717,9.743589743589743
1555,8.974358974358974,9.743589743589743
1556,9.23076923076923,9.743589743589743
1557,9.487179487179485,9.743589743589743
1558,9.743589743589743,9.743589743589743
1559,10.0,9.743589743589743
1560,0.0,10.0
1561,0.2564102564102564,10.0
1562,0.5128205128205128,10.0
1563,0.7692307692307692,10.0
1564,1.0256410256410255,10.0
1565,1.282051282051282,10.0
1566,1.5384615384615383,10.0
1567,1.7948717948717947,10.0
1568,2.051282051282051,10.0
1569,2.3076923076923075,10.0
1570,2.564102564102564,10.0
1571,2.8205128205128203,10.0
1572,3.0769230769230766,10.0
1573,3.333333333333333,10.0
1574,3.5897435897435894,10.0
1575,3.846153846153846,10.0
1576,4.102564102564102,10.0
1577,4.358974358974359,10.0
1578,4.615384615384615,10.0
1579,4.871794871794871,10.0
1580,5.128205128205128,10.0
1581,5.384615384615384,10.0
1582,5.6410256410256405,10.0
1583,5.897435897435897,10.0
1584,6.153846153846153,10.0
1585,6.41025641025641,10.0
1586,6.666666666666666,10.0
1587,6.9230769230769225,10.0
1588,7.179487179487179,10.0
1589,7.435897435897435,10.0
1590,7.692307692307692,10.0
1591,7.948717948717948,10.0
1592,8.205128205128204,10.0
1593,8.46153846153846,10.0
1594,8.717948717948717,10.0
1595,8.974358974358974,10.0
1596,9.23076923076923,10.0
1597,9.487179487179485,10.0
1598,9.743589743589743,10.0
1599,10.0,10.0
